<?xml version = "1.0" encoding = "UTF-8"?>
<!DOCTYPE mapper PUBLIC
        "-//mybatis.org//DTD com.example.Mapper 3.0//EN"
        "http://mybatis.org/dtd/mybatis-3-mapper.dtd">
<mapper namespace="com.joyshebao.springboot.mapper.UserMapper">
    <resultMap id="result" type="com.joyshebao.springboot.model.User">
        <result property="id" column="id" />
        <result property="name" column="name" />
        <result property="permission" column="permission"/>

    </resultMap>

    <select id="ListUser" resultMap="result">
      SELECT * FROM user
   </select>

    <select id="findUserByName" resultMap="result">
      SELECT * FROM user where name=#{name}
   </select>
</mapper>